абориген;туземец
абсолютный;безусловный
абсурд;вздор
автор;творец
авторитетный;влиятельный
пекло;чистилище
геенна;преисподняя
адресовать;направлять
адский;каторжный,дьявольский
азарт;пыл
обыкновенный;простой
акклиматизироваться;приспособляться
аккуратный;щепетильный,скрупулезный
аксиома;истина
актер;артист
акушерка;повитуха
алеть;краснеть
алкоголик;пьяница
алчный;жадный
алчущий;жаждущий
алый;красный
красть;воровать
амулет;талисман
амурный;любовный
аналогичность;соответствие,сходство
аналогичный;подобный
басня;сказка
анонимный;неизвестный
анонс;объявление
вражда;неприязнь
враг;неприятель
апеллировать;жаловаться
апелляция;жалоба
аплодировать;рукоплескать,хлопать
апогей;верх,вершина
вымышленный;мнимый
плеть;нагайка
аргумент;довод
аргументировать;доказывать
узник;заключенный
вельможа;магнат
достойный;благородный
аристократия;знать
аромат;запах
артачиться;упрямиться
артист;актер
архаический;устарелый
архиплут;плут
набор;комплект
астроном;звездочет
атаковать;нападать
атаман;главарь
баба;бабушка
багаж;груз
кладь;поклажа,клажа
багроветь;краснеть
багровый;багряный
базар;рынок
баиньки;спать
бал;банкет,пир
балабонить;болтать
балагур;болтун
балагурить;болтать
балакать;беседовать
балбес;дурак
баловаться;шалить
баловливый;шалун
баловник;проказник,озорник
бандит;злодей
банкет;бал,пир
барин;господин
барствовать;роскошевать
прибыток;доход,заработок
вымышленный;мнимый
басня;сказка
водоем;водоместилище
батрак;наймит
батюшка;священник
хвастать;похваляться
хвастовство;самохвальство
баюкать;усыплять
бдительный;внимательный
бегать;бежать
быстро;скоро
беда;горе,бедствие,несчастье
бедность;нищета
беднота;бедность
неимущий;убогий
бедственный;несчастный
бедствие;беда,горе
бедствовать;страдать
бежать;бегать
безалаберщина;беспорядок
безбедный;зажиточный
безбожник;грешник
безбожный;грешный
безбоязненный;безбоязный,бесстрашный,неустрашимый
безбоязный;безбоязненный
безмятежный;спокойный
безвестный;неизвестный
безвозвратный;бесповоротный,невозвратимый,невозвратный
безвозмездно;бесплатно,даром
безвозмездный;бесплатный
безволосый;лысый
безвременный;несвоевременный
безвыгодный;невыгодный
безотлучно;неотлучно
безрассудный;глупый
безграничный;бесконечный,безмерный,беспредельный,необъятный
бездействовать;бездельничать
бездельник;лентяй
бездна;пропасть
бездоказательный;недоказанный
бездомный;бесприютный
бездыханный;мертвый
безжалостность;жестокость
безжалостный;беспощадный,жестокий
безжизненный;мертвый
беззаботный;беззаботливый
беззаконие;безправие
беззаконник;законопреступник
беззаконный;преступный
беззапретно;беспрепятственно
беззаступный;беззащитный
беззащитный;беспомощный
безлюдный;пустынный
безмерный;безграничный
безмозглый;глупый
безмолвие;молчание
безмолвный;молчаливый
безмолвствовать;молчать
безмятежный;спокойный
безнравственность;распущенность
безнравственный;распутный,развратный
безобразие;бесчинство
безобразный;некрасивый
надежный;благонадежный
безотвязный;навязчивый
безотлагательно;срочно,неотложно,немедля
спешно;поспешно
безотлагательный;спешный
безотложный;спешный
безотрадный;безнадежный
бессознательно;невольно
безошибочно;точно
безошибочный;точный
безрассудно;легкомысленно
безрассудный;легкомысленный
безрассудство;сумасбродство
безропотно;беспрекословно
безропотный;кроткий
безукоризненный;безупречный
безумие;сумасшествие,помешательство
безумный;сумасшедший
безупречный;безукоризненный
безуспешно;неудачно,тщетно,попусту
безутешный;печальный
безызвестный;неизвестный
безысходный;безнадежный
белиберда;вздор
белоснежный;белый
бережливый;бережный
беречь;оберегать,сберегать
беречься;остерегаться
бес;демон,дьявол,сатана,черт
беседовать;собеседовать,разговаривать
беситься;буянить
бесконечный;нескончаемый,неисчерпаемый,безграничный
бескорыстно;безвозмездно,бесплатно,даром
бескорыстный;благородный,великодушный
беспечальный;беззаботный
беспечность;неосторожность
беспечный;неосторожный
бесплатно;безвозмездно,даром
бесплатный;безвозмездный
бесповоротный;безвозвратный
бесподобный;неподражаемый
беспокоиться;волноваться
бесполезно;напрасно
бесполезный;напрасный,тщетный
безукоризненный;безупречный
беспорядок;кавардак
безалаберщина;бестолковщина
кутерьма;катавасия,сумятица
беспочвенный;бездоказательный,неосновательный
беспощадный;бесщадный,нещадный,безжалостный,бессердечный,бесчеловечный
беспредельный;безграничный
беспрекословно;послушно,безотговорочно
беспрепятственно;свободно,вольно
беспрепятственный;свободный
беспрерывный;постоянный
беспрестанно;постоянно
беспрестанный;постоянный
беспримерный;бесподобный,неподражаемый
беспристрастный;объективный
беспричинно;спроста
беспричинный;случайный
бесприютный;бездомный
беспутство;безнравственность
бессвязно;непоследовательно
бессердечие;жестокость
бессердечный;безжалостный
бессилие;слабость
бессильный;малосильный,слабосильный,слабый
бесславие;бесчестье
бессловесный;молчаливый
бессмысленный;вздорный,нелепый
бессмыслие;глупость,нелепость
бессмыслица;нелепость
бессовестно;бесстыдно
бессовестный;бесстыдный,бесстыжий
инстинктивно;машинально
бесспорно;несомненно,очевидно
бесстрастие;бесстрастность
бесстрастный;равнодушный
бесстрашный;безбоязненный
бесстыдно;бессовестно
бесстыдный;бесстыжий,бессовестный
бестактный;неблаговоспитанный
бестолковый;безрассудный
бесхитростный;наивный
бесцельно;напрасно
бесцельный;напрасный
бесцеремонный;дерзкий
бесчеловечность;жестокость
бесчеловечный;безжалостный
бесчестный;бессовестный,безнравственный
бесчестье;бесславие
бесчувственный;безсердечный
бесшумно;тихо
бесщадный;беспощадный
бешеный;неистовый,яростный
бить;колотить
бороться;драться
плеть;плетка,нагайка
благовидный;благообразный
благоволение;благожелательство,доброжелательство
благосклонность;милость
благоволить;поблажать
благовоние;благоухание
аромат;запах
благовоспитанный;вежливый
благовременно;кстати
благоговение;почтение
благодарность;признательность
благодарный;признательный
благодарствовать;благодарить
благоденствие;благополучие
благодетель;покровитель,заступник
благодетельствовать;покровительствовать
благодеяние;благотворение
благодушный;добрый
благожелательный;дружественный
благожелательство;благоволение
благожелательствовать;доброжелательствовать
благонравный;благопристойный
благообразный;благовидный,миловидный
благополучие;благоденствие
благополучный;благоприятный
благоприличный;благонравный
благопристойность;приличие
благопристойный;благонравный
благоприятный;благоприятствующий,благосклонный
благоприятствовать;благодетельствовать
благоприятствующий;благоприятный
благоразумный;рассудительный,разумный
благородный;добропорядочный
благосклонность;благоволение
благосклонный;благоприятный
благотворение;благодеяние
благотворитель;благодетель
благотворить;благодетельствовать
благоуспешный;благополучный
благоустройство;благообразие
благоухать;пахнуть
благочестивый;богобоязненный
шальной;шалый
блестеть;блистать
блестящий;блистательный
ближний;близкий
близ;близко
близкий;ближний
близко;вблизи,близ,недалеко,невдалеке,поблизости
близлежащий;близкий
близнецы;двойняшки
блистание;сияние
блистательный;блестящий
блистать;лосниться,сверкать,сиять
блюдолиз;лизоблюд
блюсти;беречь
бог;всевышний,господь
богатей;багач
богатырь;силач
богомолье;богослужение
боготворить;почитать
богоугодный;благочестивый
богохульник;святотатец
богохульство;святотатство
боец;воин
божественный;священный,святой
клясться;присягать
божок;идол
бойкий;резвый
бойко;резво
бойкость;резвость
болван;глупец,дурак
болезнь;хворь
болеть;недомогать,хворать
болтаться;шататься
болтливость;говорливость
болтливый;говорливый,разговорчивый
больница;клиника
больной;нездоровый,хворый
большой;великий
большущий;большой
бороться;воевать,сражаться,противоборствовать
состязание;соперничество
босой;необутый
боязливость;боязнь,робость,трусость
боязливый;робкий,трусливый
пугливый;страшливый
боязнь;робость,трусость
боярин;дворянин
бояться;побаиваться,опасаться
бравый;смелый,храбрый
бранить;ругать
браниться;ругаться
бранчливый;бранливый,сварливый
брань;ругань
балка;колода
бремя;ярмо
багаж;груз
брести;бродить
брехня;ложь
бродяга;скиталец
бродяжничать;скитаться
бросать;кидать
бросаться;кидаться
брюхо;чрево
будничный;ежедневный
будто;словно,якобы
дальнейший;следующий,последующий
буйный;бешеный
буйствовать;буянить
буквально;дословно
булочник;хлебник,хлебопек
бунт;восстание
бунтарь;бунтовщик
бунтовать;восставать
бунтовщик;бунтарь,мятежник
бурая;коричневая
бухта;залив
бушевать;буянить
драчун;забияка
буянить;буйствовать,бушевать
бывальщина;быль
бывать;посещать
бывший;былой,прежний
былина;быль
прежний;прошлый,бывший,минувший
быль;бывальщина,былина
быстро;живо
быстрый;прыткий
бытие;бытность
бытность;бытие
важнейший;главный
важный;главный
вакантный;незамещенный
валандаться;шататься
вампир;упырь
варвар;вандал
варварский;безжалостный,жестокий
вариация;разновидность
ватага;толпа
вблизи;близко
ввалившийся;впалый
ввек;всегда
вволю;вдоволь,вволюшку
ввязаться;вмешиваться
вдали;далеко
вдобавок;еще
вдохновение;воодушевление
вдохновлять;воодушевлять
вдруг;внезапно,неожиданно
вдругорядь;вторично
вдумываться;вникать
ведомый;известный
ведьма;колдунья
вежливость;воспитанность
вежливый;воспитанный,приветливый
везде;всюду,повсюду,повсеместно
вековечный;вечный
велеречивый;красноречивый
велеречие;красноречие
велеть;приказывать
великан;гигант
великий;большой
великодушный;благородный
великолепный;прекрасный
великорослый;высокий,рослый
величавый;величественный
величаться;называться
величественно;гордо
величественный;величавый
вельможа;аристократ
метла;метелка
вероисповедание;религия
вердикт;приговор
веревка;шнур
верещать;кричать
верить;веровать
вернуть;возвращать
вернуться;возвратиться
истинный;правильный
вероисповедание;вера
вероломство;измена
вероломствовать;изменять
вероотступник;еретик
вероятно;возможно
версия;гипотиза
вертеть;ворочать,вращать
вертеться;вращаться
верховенство;главенство,господство
верхушка;вершина
веселить;увеселять,смешить
веселиться;забавляться,потешаться
веселый;радостный
веселье;развлечение,увеселение
весельчак;забавник
веский;значительный
вести;водить
вестник;вестовой
весточка;весть
весть;весточка
известие;извещение
весь;полный,целый
ветхий;старый
ветшать;стареть
вечно;вовек
вечный;постоянный
вещица;вещь
взаимный;обоюдный
взамен;вместо
взбудоражить;встревожить
взбираться;подниматься
взбудоражить;встревожить,всполошить
взвешивать;обдумывать
взвиваться;подниматься
взволновать;взбудоражить,встревожить
взволноваться;встревожиться
взгляд;взор
вздор;абсурд
чепуха;белиберда
вздорный;нелепый
вздремнуть;заснуть
вздрогнуть;дрогнуть
вздуваться;надуваться
вздумать;надумать
вздыматься;подниматься
вздыхать;охать
взимать;взыскивать
взор;взгляд
взрослый;зрелый
взъедливый;взъедчивый,бранчливый,сварливый
подкуп;хабар
взяточник;лихоимец
взять;брать
видеть;видать
видимый;явный
визжать;кричать
визитер;гость
вилять;изворачиваться,увертываться,уклоняться
винить;обвинять
виноват;виновный,виноватый
витать;летать
вкрадываться;проникать
вкрасться;проникнуть,вторгнуться
вкусный;аппетитный,лакомый,смачный
вкушать;отведывать,смаковать
владелец;обладатель,собственник
владеть;обладать
владыка;господин
владычество;главенство,господство
владычествовать;властвовать,главенствовать,господствовать
властелин;властитель
власть;господство
волочить;тянуть
влезть;приходить
влечение;желание
влияние;воздействие
вломиться;вторгаться
вместе;совместно
вместо;взамен
вмешивать;примешивать
вмешиваться;ввязиваться
внезапно;вдруг,неожиданно
внешний;наружный
вникать;вдумываться
выслушивать;вслушиваться,прислушиваться
вновь;опять,снова
вовлекать;привлекать
вовсе;совсем
воевать;бороться
военный;боевой
вожак;вожатай
вождь;главарь
возбранять;воспрещать
возвеличивать;восхвалять
возвещать;извещать
возвещение;извещение
возвращать;отдавать
возвышенный;высокопарный
возгордиться;загордиться
воздавать;возмещать,отплачивать
воздаяние;возмещение,отплата
воздержанный;сдержаный
воздерживаться;удерживаться
воздыхатель;почитатель
возжигать;зажигать
возиться;копаться
возле;близко,около
возлюбленный;любимый
возмещать;воздавать
возмещение;воздаяние
возможно;вероятно
возможный;вероятный
возмужалый;мужественный
возмутительный;вопиющий
возмущаться;противиться
вознаграждать;награждать
вознегодовать;рассердиться
возникновение;происхождение
возобновление;восстановление
возобновлять;восстанавливать
возобновляться;восстанавливаться
возражать;перечить,протестовать
возражение;отрицание
возрастать;вырастать,подрастать
возрождать;оживлять
возрождаться;оживляться
возрождение;восстановление
воин;боец,борец
волен;свободен
волнение;тревога
волновать;тревожить
волноваться;беспокоиться,тревожиться
волочить;тащить
волшебник;колдун,маг
вольничать;самовольствовать
вольно;свободно
вонять;зловонинь
воображаемый;мнимый
воображать;придумывать
воображение;фантазия
воодушевлять;вдохновлять
вопить;кричать
вопиющий;возмутительный
вопль;крик
вор;воришка
воровать;красть
ворожить;гадать
ворохнуться;шевельнуться
ворочать;вертеть
ворочаться;вертеться
ворошить;шевелить
ворошиться;шевелиться
воскрешать;оживлять
воспитанник;ученик
воспитанница;ученица
воспитанный;вежливый
воспламеняться;загораться
воспрещать;запрещать
воспрещаться;запрещаться
воспроизведение;воссоздание
воспроизводить;воссоздавать
воссоздание;воспроизведение
восстание;бунт,мятеж
восстановление;возобновление,возрождение
восстановлять;возобновлять
восторг;восхищение,ликование
восторгаться;восхищаться
восхвалять;хвалить
восхитительный;прекрасный
восхищать;очаровывать
восхищаться;восторгаться
восхищение;восторг
восходить;подниматься
впалый;впавший
вплетать;заплетать
впопыхах;второпях,спешно
вправду;действительно
враг;недруг,неприятель
вражда;неприязнь
враждебный;злобный,недоброжелательный
враждовать;недоброжелательствовать
врасплох;неожиданно
врач;доктор,лекарь
врачебный;лечебный
врачевать;лечить
вращать;вертеть
вращаться;вертеться
вред;ущерб
временить;медлить
врун;лгун
вседержитель;всевышний,бог
всегда;постоянно
вседневный;ежедневный
всеобъемлющий;безграничный
всесветный;всемирный
всесторонне;многосторонне
всесторонний;многосторонний
вскакивать;подпрыгивать
вслушиваться;внимать
вспомянуть;вспомнить
вспыльчивый;раздражительный
встревоживать;тревожить
встревожить;взволновать,взбудоражить
встревожиться;взволноваться,обеспокоиться
вступаться;защищать
всхлипывать;поплакивать
всходить;подниматься
всхрапнуть;захрапеть
всюду;везде
всячески;разнообразно
втереться;проникнуть
втихомолку;тихонько
втолковать;разяснить
вторгаться;врываться
вторично;вдругорядь
второпях;впопыхах
вцепиться;ухватиться
выбирать;избирать
выболтнуться;проговориться
выбрасывать;выкидывать
вывертываться;увертываться,выкручиваться
вывод;умозаключение
выговор;укор
выгораживать;оправдывать
выдающийся;знаменитый
выдуманный;вымышленный,мнимый
вымысел;измышление
выдумывать;придумывать,вымышлять
выжидать;дожидаться
выкормок;питомец
выкручиваться;вывертываться
вылечивать;излечивать,исцелять
вылечиваться;выздоравливать
вымышленный;выдуманный
вымышлять;выдумывать
вынудить;принудить
вынуждать;принуждать
выпалить;выжечь
выпивший;опьяневший
выплачивать;оплачивать
выполнение;исполнение
выполнять;исполнять
выпростаться;выпрямиться
выпускать;издавать
выравнивать;выпрямлять
вырастать;расти
вырывать;выдергивать
вырядиться;нарядиться
высветлить;осветлить
выславлять;выхвалять
выследить;отследить
выслеживать;отслеживать
высмеивать;насмехаться
высоконравственный;нравственный
высокопарный;возвышенный
высокоталантливый;талантливый
высота;вышина
выспаться;отоспаться
высыпать;рассыпать
вытворять;выделывать
вытерпеть;терпеть
выучиться;научиться
выхваляться;хвастать
вычищать;очищать
вышина;высота
вышучивать;насмехаться
вьюга;метель,мятель
вязанка;связка
вянуть;блекнуть
гадкий;противный
гадость;мерзость
гаснуть;меркнуть
герб;знак
героический;смелый
гибель;пагуба,погибель
гибкий;эластичный
гигант;великан
гигантский;громадный
гинуть;гибнуть
гипотеза;догадка
главарь;вождь
главенство;верховенство
главный;основной
глазеть;глядеть
глазища;глаза
глумиться;насмехаться
глумление;насмешка
глупенький;дурачок
глупец;глупыш,дурак
глуповатый;неразумный
глупый;неразумный
глуховатый;глухой
глядеть;смотреть
гневаться;сердиться
гневить;сердить
гневный;озлобленный
гнусность;гадость
гнусный;гадкий
говор;молва
говорено;сказано
говорить;разговаривать
говорливость;разговорчивость
говорливый;разговорчивый
годный;пригодный,подходящий
головоломный;замысловатый
голос;глас
голосить;кричать,плакать
голословный;бездоказательный,неосновательный
голубить;ласкать
голый;нагой,обнаженный,оголенный
гомонить;галдеть
гонец;вестник
гонитель;притеснитель
гораздо;значительно
горделивость;гордость
горделивый;гордый
гордость;гордыня
гордый;горделивый
горемычный;несчастный
горесть;печаль
гореть;пламенеть
горечь;печаль
горланить;кричать
горничная;служанка
горожанин;мещанин
гортань;глотка
горький;горечный
горячность;пылкость
господин;хозяин
господствовать;главенствовать
господь;бог
гостеприимный;радушный,хлебосольный
государь;господин
готовиться;приготовляться
грабеж;разбой
грабитель;вор
грациозный;изящный
грация;изящность
греготать;гоготать
грезить;мечтать
прегрешение;согрешение
греховность;безнравственность
греховный;грешный
греховодник;грешник,безбожник
грешный;греховный,богопротивный
гримаса;мина
грозный;строгий
громадный;огромный,непомерный
громкий;звучный
громко;звучно
грубить;дерзить,грубиянить
груз;багаж
группировка;сортировка
грустить;печалиться,тосковать
грустный;печальный
грусть;печаль,тоска
грядущее;будущее
грядущий;будущий
грязнить;марать
грязь;тина
гуманный;разумный
дабы;чтобы
давешний;давнишний
давить;нажимать,теснить
давка;толкотня
далекий;дальний
далеко;вдали
дальновидность;предусмотрительность
дальновидный;предусмотрительный
дамба;плотина
дар;подарок
дарить;даровать
даровой;бесплатный
даром;задаром,безвозмездно
двоедушный;двуличный
дворец;замок
двуличный;лицемерный
дебошир;забияка
деваться;пропадать
девица;девушка
дееспособность;работоспособность
дееспособный;работоспособный
действие;деяние
декорировать;украшать
деление;дробление,разделение
делец;деятель
делить;разделять
дельный;практический
демон;бес
демонстративно;напоказ
деморализация;развращение
деморализовать;развращать
деревня;село
дерзить;грубить
дерзкий;дерзостный,нахальный
дерзость;наглость,нахальство
деспотствовать;самовольствовать
детский;ребяческий
дефект;недостаток
дешевый;недорогой
деяние;действие
деятель;делец
диалог;разговор
дивный;удивительный
дикий;бешеный
диковинный;необычайный
директор;начальник
дитя;чадо
длительный;долгий
длиться;продолжаться
днище;дно
добавление;прибавление
добавлять;прибавлять
добиваться;достигать
доблестный;благородный
добровольный;доброохотный
добродей;благодетель
добродетельный;добрый
добродушный;добрый
доброжелатель;благожелатель
доброжелательство;благоволение
доброжелательствовать;благожелательствовать
доброкачественный;высококачественный
добронравный;нравственный
добропорядочный;порядочный
добросердечный;милосердый
добрый;благой,добросердечный
добывать;доставать
доверчивый;наивный
довершать;заканчивать
доверяться;пологаться
довольно;достаточно
довольный;довольствующийся,удовлетворенный
догадка;предположение
догадливость;сообразительность
догадливый;сообразительный
догадываться;додумываться
договор;уговор
догонять;настигать
догорать;гаснуть
дождь;дождик
дожидаться;ждать
доза;порция
дозволение;соизволение
дозволять;разрешать
доказательный;неоспоримый,неопровержимый
доказывать;подтверждать
докучать;надоедать
докучливый;навязчивый,надоедливый
докучный;надоедливый
долгий;длинный
долговечность;долголетие
долголетие;долговечность
долготерпеливый;терпеливый
должен;обязан
должок;долг
доля;часть
домашний;семейный
домысел;догадка
домышлять;догадываться
донимать;доконать
донос;оговор
доноситель;доносчик
доныне;поныне
дополнение;добавление,прибавление
допускать;дозволять
допустимый;возможный
допущение;дозволение
дорогой;драгоценный
досадно;обидно
досадовать;сердиться
доска;дощечка
доскональный;подробный
дословно;буквально
дословный;буквальный
достигать;добиваться
достойный;доблестный
достославный;знаменитый
достояние;имущество
дотрагиваться;прикасаться
доход;заработок
доходный;прибыльный
драчливый;забиячливый
драчун;забияка
дремать;спать
дробление;деление,разделение
друг;приятель
другой;иной
дружелюбный;дружественный,дружеский
дружить;приятельствовать
дружище;друг
дрянь;гадость
дубинка;палка
думать;мыслить,размышлять
дуралей;глупец,дурак
дурачить;обманывать
дурачиться;забавляться
дурачок;глупец
дурень;глупец,дурак
дурь;безрассудство
душевнобольной;сумасшедший
душевный;искренний
душок;запашок
дьявол;бес
еда;пища
едва;еле
единовластно;единолично
единовременный;одновременный
единодушие;однодушие
единоплеменник;соплеменник
единство;согласие
единый;единичный
ежедневно;каждодневно,повседневно
ежедневный;каждодневный,повседневный
ерепениться;артачиться
ерунда;нелепость
естественный;природный
ехидный;хитрый
жадный;алчный
жаждать;желать
жалеть;сожалеть
жалкий;ничтожный
жалобный;печальный
жалостливый;милосердый
жалостный;печальный
ждать;дожидаться
желаемый;желанный
желательно;желаннее
желательный;желанный
железный;стальной
жена;супруга
жестокость;безжалостность
живительный;лечебный
живить;оживлять
живописать;рисовать
живописец;художник
живописный;великолепный
животворить;оживлять
животворный;лечебный,целебный
жизнерадостный;веселый
жилец;житель
жилище;жилье
житель;обитатель,жилец
жулик;плут
жутко;страшно
заалеться;покраснеть
забава;потеха
забавлять;веселить,развлекать
забавляться;потешаться
забавный;смешной
забияка;задира
забиячливый;драчливый
заблаговременно;заранее
заблуждаться;ошибаться
изгородь;огорожа,ограда
заботиться;беспокоиться
заботливый;попечительный
забрать;отобрать
забыть;пренебрегать
заведовать;управлять
завершать;заканчивать
завершение;конец
завершительный;окончательный
завершиться;закончиться
завзятый;усердный
завладеть;овладевать
завлекать;привлекать
завозной;привозной
заворот;поворот
загадочный;неясный
загаживать;грязнить
загиб;изгиб
заглавие;оглавление,заголовок
заглядеться;засмотреться
загодя;заранее
загораживать;заграждать
загородка;перегородка
заготовлять;приготовлять
заграждать;загораживать
заграничный;иностранный
загромоздить;заграждать
задабривать;умилостивлять
задаром;даром
задача;задание
задерживать;удерживать
задира;забияка
задумывать;замышлять
задушевный;искренний
заем;долг
зажигать;поджигать
зажиточный;состоятельный
зазнаваться;важничать
заимствовать;одалживать
заискивать;льстить
заискивающий;льстивый
заканчивать;окончать
заканчиваться;кончаться
заклад;залог
заключаться;содержаться
заключенный;арестант
законопреступник;беззаконник,преступник
законченный;оконченный
закордонный;иностранный
закоренелый;коренной
закрывать;накрывать,покрывать
залечивать;подлечивать
залог;заклад,задаток
замалчивание;молчание
замалчивать;скрывать
заманчивый;соблазнительный
замен;обмен
заменять;сменять
замерзать;мерзнуть
замечательный;примечательный
замечать;примечать,подмечать
замолкнуть;замолчать
замыкать;запирать
замысел;умысел
замышлять;умышлять,задумывать
занимательный;интересный
запальчивость;горячность
запальчивый;горячливый
запасливый;припасливый
запах;аромат
запирать;замыкать,затворять
заплатить;оплатить,платить
заподозрить;подозревать
запоздать;опоздать
заполнять;наполнять
запретить;воспретить
запрещать;воспрещать
запрещаться;воспрещаться
запрещение;воспрещенье
запропаститься;пропасть
заранее;предварительно,заблаговременно
зарекаться;клясться
зарубежный;иностранный
засвидетельствовать;свидетельствовать
заслонить;заградить
заставлять;принуждать
застарелый;устарелый
застенчивость;робость
застенчивый;робкий
заступник;защитник
заступничество;покровительство
затейщик;зачинщик
заточать;заключать
затяжной;затянутый
захватить;завладеть
захватывающий;интересный
захворать;заболевать
захмелевший;пьяный
захолустье;глушь
зачинщик;затейщик,инициатор
защита;охрана
защитник;заступник
защищать;оберегать,оборонять
заядлый;усердный
звездочет;астроном
зверский;безжалостный
здравый;здоровый
зерно;семя
злобствовать;злиться
злодей;лиходей,преступник
злодеяние;преступление
злой;злобный
злословить;клеветать
злосчастный;несчастный
злоумышленник;злодей
злоумышленный;враждебный
знаменитый;известный
значительный;веский
значить;означать
знающий;опытный
зреть;видеть
зритель;созерцатель
зубрить;заучивать
игнорировать;пренебрегать
игра;забава
игривый;веселый
идеальный;образцовый
идиот;дурак
избегать;уклоняться
избегнуть;избавиться
избиение;побиение
избирать;выбирать
избранник;ставленник
избыток;излишек
известие;извещение,весть
известность;знаменитость
известный;знаменитый
извечный;стародавний
извещать;оповещать
извещение;возвещение,оповещение,известие
извинение;прощение
извинительный;простительный
извинять;прощать
извиняться;оправдываться
изворачиваться;вилять,хитрить
изгадить;грязнить
изгонять;выгонять,прогонять
изгородь;забор
изготовлять;выделывать
издали;издалека
издеваться;глумиться
издевка;насмешка
издревле;издавна
излагать;объяснять
излечивать;вылечивать
излишек;избыток
излишний;лишний
изловить;поймать
изменник;предатель
изможденный;бессильный
измываться;насмехаться
изнемогать;ослабевать
изнеможение;бессилие
изнеможенный;бессильный,изнуренный
изобилие;избыток
изредка;иногда
изувечивать;искалечивать
изумительный;удивительный
изуродованный;изувеченый
изуродовать;искалечить
изучить;выучить
изъян;недостаток
изъяснение;объяснение
изъяснять;объяснять
изысканный;роскошный
именитый;знатный
именоваться;называться
индивидуальность;особенность
иноземец;иностранец,чужестранный,чужеземный,заграничный
иноземный;иностранный
инструмент;прибор
интеллигентный;образованный
интервал;промежуток
интересный;занимательный
интересоваться;увлекаться
искажать;извращать
искать;отыскивать,разыскивать
исключительный;необыкновенный
исколесить;изездить
искренний;чистосердечный
искупление;избавление
искуситель;соблазнитель
искушать;соблазнять
исполнять;выполнять
исполняться;осуществляться
исправлять;поправлять
испугать;напугать,перепугать,ужаснуть
испугаться;оробеть,ужаснуться
истинный;подлинный
истолковать;объяснять
истоптанный;изношенный
истрачивать;тратить
истреблять;уничтожать
истукан;идол
исхудалый;отощалый
исцелять;вылечивать
исчезать;пропадать
исчерпывающий;подробный
кабала;неволя
кавардак;беспорядок
каверзить;злоумышлять
каверзы;козни
казенный;государственный
казнить;наказывать
калечить;искалечить,изувечить
кандалы;оковы
капризничать;своенравничать
капризный;своенравный
карать;наказывать
карлик;лилипут
карманник;карманщик,вор
касаться;дотрагиваться
каяться;раскаиваться
оговор;наклеп,поклеп,обнос
клеветник;оговорщик
клеточка;клетка
клиника;больница
клоун;шут
клянчить;выпрашивать
клясть;проклинать
клясться;зарекаться
клятва;присяга
кляузы;козни
книжка;книга
кнут;бич
князь;дворянин
коварный;хитрый
коварство;хитрость
кожа;шкура
кожица;кожура
козни;интриги
колдовать;ворожить
колдун;волшебник
колебаться;медлить
колесить;разъезжать
колода;бревно
колотить;бить
колыхать;убаюкивать
комбинировать;сочетать
комик;шут
комментировать;объяснять
комфортабельный;удобный
конечно;разумеется
конечный;окончательный
конкурент;соперник
конкуренция;соперничество
конкурировать;соперничать
конструкция;построение
контракт;договор
конфиденциально;секретно
кончать;заканчивать,оканчивать
кончаться;заканчиваться,оканчиваться
кончина;смерть
копаться;возиться
кора;кожура
корить;упрекать
коричневый;бурый
кормиться;питаться
кормление;питание
короткий;краткий
корыстолюбивый;корыстный,алчный
кошель;кошелек,бумажник
кощунник;святотатец
кощунство;богохульство,святотатство
краса;красота
красивый;прекрасный,благовидный
красить;украшать
краснеть;алеть,багроветь
красноречивый;велеречивый
красноречие;велеречие,ораторство
краснослов;оратор
красный;алый,багряный,пурпурный
красота;краса,великолепие
красотка;красавица
красть;воровать,похищать
краткий;короткий
кредитоваться;занимать
крепкий;сильный
кривляться;гримасничать
крик;вопль
критиковать;осуждать
кричать;голосить,горланить,вопить,орать
кровать;постель
кровопийца;вампир
кроить;раскраивать
кромсать;резать
кропить;брызгать
кропотливый;заботливый
кроха;малыш
крохотный;маленький,крошечный
кругом;повсюду
кружить;кутить
кудахтать;кукудахтать
кудесник;волшебник
культивировать;возделывать
купа;куча
купец;торговец
купить;покупать
курьезный;смешной
кусок;кусочек
кутила;гуляка
кухарка;повариха
кучер;извозчик
еда;пища
кушать;есть
лавочник;торговец
лагерь;табор
лазарет;госпиталь
ландшафт;рельеф
ласковый;нежный
лаяться;браниться
лгать;врать
лгун;лгунишка,врун,лжец,обманщик
легко;свободно
легковесный;легкий
легкомысленно;безрассудно
легкомысленный;ветреный,беспечный
ледащий;ленивый
леденить;замораживать
лекарственный;лечебный,целебный
лентяй;бездельник
лепетун;болтун
лечебница;больница
лечебный;целебный,целительный,врачебный,лекарственный
лечить;врачевать
лжец;лгун,обманщик
лживый;бесчесный
лидер;руководитель
ликвидировать;уничтожать
ликовать;радоваться
ликующий;радостный
лилипут;карлик
лингвист;языковед
линия;черта
литератор;писатель
лиходей;злодей
лихоимец;взяточник
лихой;злой
лицевой;внешний
лицемерить;притворяться
лицемерный;двуличный,лукавый
лицо;личико
личность;персона
личный;собственный
лишаться;утрачивать
лишения;потери
лишний;излишний
лобзание;поцелуи
ловкий;проворный
;ездельник
ложный;неправильный,ошибочный
ложь;неправда,брехня
лоза;розга
ломать;разбивать
ломоть;кусок
лоск;блеск
лосниться;блистать
лукавец;лицемер
лукавить;хитрить
лукавый;лицемерный
лучезарный;блестящий
лучистый;блестящий
лучший;наилучший,превосходный
лысый;безволосый
льстивый;заискивающий
льстить;заискивать,улащивать
любезный;ласковый
любимец;фаворит
любовный;амурный
любознательный;любопытный,пытливый
любый;милый
людный;многолюдный
людоед;канибал
людская;человеческая
маг;волшебник
малевать;рисовать
маленькая;небольшая
маленький;малый
маленько;немного,маловато
мало;недостаточно,немного
маловажный;неважный
малограмотный;неграмотный
малодушный;бесхарактерный
малозначащий;незначительный
малокультурный;некультурный
отрок;юноша,юнец,подросток,несовершеннолетний
малолетство;детство
малонаселенный;малолюдный
малорослый;низкорослый
малосилие;бессилие
малосильный;бессильный,слабый
малоспособный;неспособный
малость;немножко,немного,чуточку
малоумный;безумный
малоупотребляемый;неупотребляемый
малоценное;негодное
малоценный;недорогой
маленький;махонький,малюсенький
мальчик;юноша,мальчишка
манить;привлекать
марать;грязнить
мародер;злодей
матовый;непрозрачный
машинально;невольно
машинальный;невольный
маэстро;виртуоз
маяться;мучиться
мгла;темнота
мгновенно;сразу
мегера;злюка
медикаменты;лекарства
медленно;небыстро
медленность;медлительность
медленный;медлительный
медлительность;медленность
медлить;мешкать
межа;граница
между;промеж
мелкий;малый
мелочной;мелкий
мелочный;придирчивый
обмен;размен
мерещиться;казаться
мерзавец;негодяй
мерзкий;гадкий
мерзнуть;зябнуть
мерзость;гадость
меркнуть;гаснуть
мертвец;труп
мертвый;безжизненный,покойный,усопший
мерцание;сияние
мерцать;сиять
меряться;равняться
месяц;луна
метель;вьюга
метить;целить
метко;ловко
механически;невольно
меценат;благодетель
мечта;цель
мечтать;грезить
мешкать;медлить
мещанин;горожанин
мзда;взятка
мздоимец;взяточник
мизерный;ничтожный
милашка;милочка
миловидность;изящность
миловидный;благообразный
милосердный;милосердый
милостивый;милосердый
милый;любезный,любый
мимоходом;попутно
миновать;избегать
минувший;прежний
мириться;примиряться
мирный;дружелюбный,миролюбивый
миролюбие;дружелюбие
миросозерцание;мировозрение
мистический;фантастический
младенчество;детство
мнение;суждение,воззрение
мнимый;воображаемый,вымышленный
многократно;часто
многолетие;долголетие
многолетний;долголетний
многолюдный;людный
многоопытный;опытный
многострадальный;несчастный
множество;обилие
модный;популярный
мокрый;влажный
молитва;моление,мольба
молоденький;молодой
молодость;юность
молчаливый;неразговорчивый
молчание;безмолвие
молчать;безмолвствовать
монах;послушник,чернец
монахиня;послушница
моральный;нравственный
моргать;подмигивать
морда;пасть
мороз;холод
морозить;холодить
морозный;холодный
мотивировать;доказывать
моток;клубок
мошенник;плут
мошенничать;хитрить
мощный;сильный
мощь;сила
мрак;сумрак
мрачный;неясный
мудрый;разумный
муж;супруг
мужественный;храбрый
мужество;храбрость
мука;пытка
мурлыканье;мяукание
мученик;страдалец
мучитель;истязатель
мучительный;невыносимый,тягостный
мучить;изнурять,истязать,терзать
мучиться;маяться
мыслить;думать
мысль;дума,идея
мыслящий;думающий
мятеж;бунт
восстание;повстание
мятежливый;мятежный
мятежник;бунтарь,бунтовщик,повстанец
мятежничать;бунтовать
мятежный;мятежливый,бунтливый
мятель;вьюга
набавлять;прибавлять
набиваться;навязываться,напрашиваться
наблюдательный;бдительный
набожный;благочестивый
набросок;очерк
наведываться;посещать
навеки;навсегда
навещать;посещать
навыворот;наизворот
навязчивый;докучливый,назойливый
навязываться;набиваться,напрашиваться
нагибать;наклонять
нагишом;голяком
наглость;дерзость
наглый;дерзкий
наговаривать;клеветать
наговор;клевета
наговорщик;клеветник
наговорщица;сплетница
нагой;голый
нагоняй;выговор
нагрянуть;вторгнуться
надавливать;теснить
надбавлять;прибавлять
упование;чаяние
надеяться;уповать,верить,полагаться
надзиратель;наблюдатель,надсмотрщик
надлежащий;подходящий
надо;надобно,нужно
надобность;нужда
надобный;необходимый
надоедать;докучать,надокучать,досаждать,донимать
надоедливый;докучливый,докучный,назойливый,навязчивый
надокучать;надоедать
надуманный;вымышленный
надумать;замышлять
наедаться;насытится
нажива;наживка
нажимать;давить
назад;обратно
назидательный;наставительный,наставнический
назойливый;навязчивый,надоедливый
назубок;наизусть
называть;именовать,нарекать
называться;именоваться,величаться
наивный;бесхитростный,легковерный
наизворот;навыворот,наоборот
наилучший;лучший
наименование;название
наймит;батрак
кара;расправа
накинуться;набросится
накладывать;прикладывать
наклонять;нагибать
накопить;запастись
накрывать;прикрывать
замысел;умысел,план
намеренно;умышленно
намечать;обозначать
наобум;наугад
наотрез;безуговорочно
нападать;атаковать
наперекор;наперерез
напасать;припасать
напиваться;нахлестаться
наполнять;заполнять
напоминать;подсказывать
напороться;наткнуться
направлять;обращать,устремлять
напрасный;бесполезный
напрашиваться;набиваться,навязываться
например;положим,предположим
напротив;против
насупротив;наперекор
напугать;испугать
народность;нация
наружность;внешность
наружный;внешний
наряжать;украшать
наряжаться;надеваться
население;народонаселение
насилование;насилие
насиловать;принуждать
наскучить;надоесть
наслаждение;удовольствие
наследие;наследство
наследник;преемник
наследственный;потомственный
насмехаться;измываться,подшучивать
высмеивать;осмеивать
насмешка;издевка,шутка
наставительный;назидательный,наставнический
настаивать;требовать
настойчивый;упрямый
настоятельно;настойчиво
настоятельный;настойчивый
настоящий;истинный
насупистый;угрюмый,насупленный
насупротив;напротив
насыщать;питать
насыщаться;питаться
наталкиваться;натыкатся
натворить;наделать
натуральный;естественный
наугад;наобум
научать;подучать,выучить
научиться;выучиться
наушничать;клеветать
нахальный;дерзкий
нахальство;дерзость
находить;обретать,выискать,отыскать,сыскать
находчивый;изобретательный
начальствовать;управлять
начинаться;возникать
нашествие;набег
небезинтересный;интересный
неблаговоспитанный;невоспитанный
неблагодарный;непризнательный
неблагопристойный;безнравственный
неблагосклонный;враждебный
небольшой;маленький
небрежно;какнибудь,коекак,халатно
небывалый;необыкновенный
неважный;маловажный
невдалеке;близко
неведомый;неизвестный
невежда;неуч
неверность;измена
невероятный;невозможный
невещественный;нематиреальный
невзначай;случайно
невиданный;диковинный
невинный;безвинный
невиновный;неповинный
безгреховный;безгрешный,беспорочный,непогрешимый
девственный;целомудренный
невмоготу;невмочь
невоздержный;необузданный
невозможный;невероятный
невольник;раб
невольно;непроизвольно
неволя;кабала,плен,рабство
подвластность;подчиненность
невоспитанный;неблаговоспитанный
невыгодный;безвыгодный
невыносимый;нестерпимый
невыразимый;неизъяснимый,неописуемый
невысокий;низкий
негодное;ненужное
негодный;непригодный
негодовать;роптать,сердиться
негодующий;недовольный,сердитый
недалеко;близко
недальновидный;близорукий
неделимое;целое
недисциплинированный;неблаговоспитанный
недобор;недомер,недочет
недостача;недоимка
недоброжелатель;враг
недоброжелательный;враждебный
недоброжелательствовать;враждовать
недобросовестный;бесчестный
недоверие;сомнение
недоверчивость;мнительность,подозрительность
осторожность;осмотрительность
недовольный;ворчливый,негодующий,сердитый
недовольство;негодование
недолюбливать;ненавидеть
недомогать;болеть
недосказывать;скрывать
недостаток;изъян
грех;порок
бедность;нужда
недостижимый;недосягаемый,недоступный
недоумевать;удивляться
недоумение;сомнение
недремлющий;бдительный
недруг;враг
недружелюбие;вражда
недружелюбный;враждебный
недюжинный;необыкновенный
неестественный;противоестественный
нежданно;неожиданно
неженатый;холостой
нежить;ласкать
независимый;самостоятельный
незаконный;преступный
незаметный;незначительный
незамысловатый;бесхитростный,простой
нездоровый;больной
незнакомый;неизвестный
неизбежно;неминуемо
неизбежный;неминуемый
неизвестный;безызвестный,неведомый
неизмеримый;безграничный
неимение;отсутствие
неимущий;бедный
неисполнимый;невозможный
неиссякающий;вечный
неистовствовать;свирепствовать
какойто;какойнибудь
некрасивый;неприглядный
невзрачный;неказистый,несуразный
безобразный;уродливый
некстати;несвоевременно,невовремя
некультурный;безкультурный
нелегальный;преступный,незаконный
нелепость;нелепица,ахинея,бессмыслица,белиберда,чепуха
нелепый;вздорный
неловкий;нерасторопный,неуклюжий
нелюбовь;вражда
немедленно;немедля,безотлагательно,неотложно
немедленный;безотлагательный
немилосердный;безжалостный
немилость;гнев
немного;немножко
немочь;слабость
немощный;бессильный
немудреный;бесхитростный
ненавистник;враг
ненависть;нелюбовь,отвращение
ненадежный;сомнительный
ненамеренно;случайно,ненароком
ненужное;негодное
необдуманно;нерассудительно,неосмотрительно,легкомысленно
необдуманный;легкомысленный
необоснованный;бездоказательный,неосновательный
необузданный;невоздержный
необъятный;необозримый
необыкновенный;необычайный,небывалый
необычайный;диковинный
неограниченный;безграничный
неоднократно;часто
неодолимый;непобедимый
неожиданно;нежданно,внезапно
неоплачиваемый;бесплатный
неопрятный;неряшливый
неосмотрительность;неосторожность
неосмотрительный;неосторожный
неосновательный;необоснованный,беспочвенный,голословный
неосторожность;неосмотрительность
неосторожный;беспечный,неосмотрительный,легкомысленный,необдуманный
неотвратимый;неизбежный
неотложно;безотлагательно,немедленно
неотменно;непременно
неохота;лень
неохотно;нехотя
непобедимый;неодолимый,непреодолимый
непогодица;непогода
неподражаемый;бесподобный,беспримерный
непокорность;своенравие,непослушание
непонятливый;глупый
непоправимый;безнадежный
непоседливый;беспокойный
непослушный;своенравный
непостоянный;переменчивый
неправда;ложь
неправильный;ошибочный
неправый;виноватый
непрерывно;постоянно
непрерывный;постоянный
неприбытие;отсутствие
неприглядный;некрасивый
непригодный;негодный
непризнательный;неблагодарный
непристойный;безнравственный,неприличный
неприязненный;враждебный
неприязнь;вражда
неприятель;враг
неприятельский;враждебный
неприятный;досадный
непроизводительный;бесплодный
непроизвольный;невольный
непрочный;хрупкий
непьяный;трезвый
неразговорчивый;молчаливый
неразумие;безрассудство
неразумный;глупый
нерасположенный;враждебный
нерассудительно;необдуманно
нерассудительный;легкомысленный
нерасторопный;неловкий
нервный;сердитый
нередко;часто
нерешительность;робость
нерешительный;боязливый
неряха;грязнуля
нескончаемый;бесконечный
неслышно;тихонько
несносный;невыносимый
несовершеннолетний;малолетний
несогласие;разногласие
несомненно;бесспорно
несостоятельность;бедность
несостоятельный;бедный
нестерпимый;невыносимый
несчастливый;несчастный
неудача;неуспех,несчастье
неудачно;безуспешно
неудачный;несчастный,безуспешный
неудобно;неловко
неужто;разве
неузаконенный;незаконный
неуклюжий;неловкий
неуместно;некстати
неуместный;неподходящий
неумышленно;невольно
неунывающий;беззаботный
неуравновешенный;вспыльчивый
неуспех;неудача
неустанно;безпрестанно
неустойчивый;непрочный
неустрашимость;храбрость
неустрашимый;безбоязненный,смелый,храбрый
нехотя;неохотно
нечестивец;грешник
нечувствительный;хладнокровный
нещадный;безжалостный,жестокий
неясный;мрачный
низвергать;свергать
нисколько;ничуть
ничегонеделание;безделие
нищенствовать;побираться,попрошайничать
нищета;бедность,нужда
новость;новинка,новшество
обнова;обновка
норов;нрав
норовистый;своенравный
нрав;характер
полюбиться;приглянуться
нравоучение;поучение
нравственный;высоконравственный,добронравный,порядочный
нудить;тошнить
нудно;тошно
ныне;нынче,сегодня
нынешний;теперешний
сегодняшний;теперешний
нынче;ныне,теперь
обанкротиться;разориться
обветшать;устареть
обвинение;нарекание,порицание
обвинять;оговаривать,осуждать
обворожительный;привлекательный,чудный
обдавать;облить
обдумывать;взвешивать
обдурить;обманывать
обеднеть;обнищать,оскудеть
обезвредить;обезоружить
обездоленный;несчастный
обезнадеживать;обескураживать
оберегать;защищать,охранять
оберегаться;остерегаться
обертка;оболочка
обеспокоить;беспокоить
обессилеть;ослабевать
обессиливать;ослабевать
обесчестить;бесславить
обещаться;обязаться
обжора;прожора
обжорливый;прожорливый
обзывать;бранить
обида;огорчение,оскорбление
обидеться;огорчиться
обидно;огорчительно,оскорбительно
обидный;оскорбительный,огорчительный
обижать;оскорблять,огорчать
обилие;изобилие,избыток
обильный;изобилующий
обиталище;жилище
обитатель;житель
обкрадывать;воровать,красть
обладатель;владелец
обладать;владеть
облекаться;облачаться
облобызать;обцеловать
облыселый;лысый
обманщик;лгун,плут
обманывать;дурачить,врать
обмолвиться;проговориться
обнажаться;оголяться
обнаженный;голый
обнародовать;разглашать
обнищать;обеднеть
обноски;лахмотья
обод;ободок
ободрять;взбудоражить
обожание;почтение
обожатель;почитатель
обожать;почитать
обозначать;означать
оболгать;оклеветать
оболочка;обертка
кожица;шкурка
плева;пелена,пленка
оболтус;глупец,дурак
обольститель;соблазнитель
обольстительный;соблазнительный
обольщать;соблазнять
обольщаться;соблазняться
обольщение;соблазн
оборона;защита
обосновывать;доказывать
обособленный;отделенный
обрадовать;радовать
образец;образчик
образованный;интеллигентный
образованность;интелегентность
образумливаться;образумиться,одуматься
образцовый;примерный
обрезать;отрезать
обрезки;отрезки
обременение;бремя
обременять;отягощать
обретение;приобретение
обронить;уранить
обряд;обычай
обсуждать;обговаривать
обтесаться;обточиться
отполироваться;отшлифоваться
обуздывать;усмирять
обучить;научить,выучить
обшарить;обискать
общедоступный;доступный
общеизвестный;известный
общепризнанный;признанный
общество;сообщество
объединение;соединение
объединять;соединять
объедки;недоедки
объективный;беспристрастный
объемистый;вместительный
обнародовать;оглашать,афишировать
объяснение;изъяснение,разъяснение
объяснять;изъяснять,пояснять,разъяснять
обыденный;ежедневный,повседневный
обыкновенный;обычный
обязан;должен
обязанность;повинность
обязательно;непременно
обязательство;обещание,обязанность
овал;эллипс
овальный;округлый
овладевать;завладеть
захватить;пленить
оглашать;объявлять,извещать
оглашение;извещение
оглядывать;осматривать
оговор;донос
оговориться;проговориться
оговорщик;доносчик,клеветник
оголенный;голый
огорожа;ограда
ограждать;отгораживать
довольствоваться;удовлетворяться
огромный;громадный
ода;песнь,хвала
одевать;облекать
одинакий;одинаковый
одинаковый;одинакий
равновеликий;равновесный,равнозначащий
одноглазый;безглазый
однолетки;ровесники
одномыслие;согласие
односельчанин;односелец
одобрение;согласие
одобрительный;благожелательный
одобрять;соглашаться
одолевать;побеждать
одолжение;услуга
одряхлеть;устареть
одуматься;образумиться
ожесточение;жестокость
ожесточенный;гневный
ожесточиться;рассверепеть
оживать;воскресать,возрождать
оживлять;возрождать,воскрешать
оживляться;оживать,возрождаться
ожидать;ждать
озаботить;обеспокоить,озадачить
озарять;осенять
озлобленный;гневный,сердитый
озлоблять;сердить,гневить
означать;значить
озорник;баловник,шалун
озорничать;шалить
озябать;мерзнуть,замерзать
оканчивать;заканчивать
оканчиваться;заканчиваться
око;глаз
оковы;кандалы,путы
околачиваться;бездельничать
около;вокруг
окончательный;конечный
оконченный;законченный
окрылять;возвышать
окунаться;погружаться
окутать;окружить
олух;глупец
омерзение;отвращение
омерзительный;гадкий
омрачать;опечалить
омрачаться;печалиться
опасаться;бояться
опасение;боязнь
опасливый;подозрительный,пугливый
опечаленный;печальный
опечалить;печалить,огорчить
описывать;обрисовывать
оплошать;осрамиться
оповещать;извещать
оповещение;извещение
опознавать;распознавать
опомниться;очнуться
опохмеляться;похмеляться
оправа;рама
оправдание;извинение
оправдательный;извинительный
оправдывать;выгораживать
оправдываться;выгораживаться
оправляться;выздоравливать
опрашивать;распрашивать
определенность;ясность
опрокидывать;переворачивать
опрокинуть;перевернуть
опрометчиво;наобум,необдуманно
опрометчивость;неосторожность
опрометчивый;неосторожный
опротиветь;надоедать
опускаться;спускаться
знающий;сведущий
опьяневший;пьяный
опять;вновь
орава;толпа
оракул;предсказатель
оратор;краснослов
ораторство;красноречие
орнамент;узор
оробелый;трусливый
оробеть;испугаться,струсить
осанка;выправка
освещать;озарять
освоиться;привыкнуть
осел;ишак
осиять;освещать
осквернить;опорочить
оскорбительный;обидный
оскорбиться;обидиться
оскорбление;обида
оскорблять;обижать
оскудеть;обеднеть
ослабевать;слабнуть,обессилеть
осматривать;рассматривать,обозревать,оглядывать
осмеивать;насмехаться
осмеливаться;отваживаться
осмотрительность;осторожность
осмотрительный;осторожный
основательный;фундаментальный
основной;главный
особенность;необыкновенность
особенный;особый,необыкновенный,неподражаемый
оспаривать;спорить
осрамиться;оплошать
остепениться;образумливаться
остервенелый;гневный
остервениться;разозлиться
остерегать;оберегать
остерегаться;беречься,оберегаться
остолоп;глупец
осторожный;осмотрительный
острить;шутить
острословие;остроумие
остужать;охлаждать
оступиться;споткнуться
осуществлять;исполнять
осуществляться;исполняться
отбавлять;убавлять
отблеск;отражение
отборный;лучший
отвага;смелость,храбрость
отваживать;отучать
отваживаться;осмеливаться
отважный;смелый,храбрый
отвергать;отклонять
отвертеться;избавляться
отзыв;отклик
отголосок;отзвук
ответственность;обязаность
ответствовать;отвечать
отворять;открывать
отвратительный;гадкий
отвращать;отвлекать,отстранять
отвращение;омерзение
брезгливость;гадливость
нерасположение;нелюбовь,неприязнь,антипатия
отгадывать;разгадывать
отговаривать;разубеждать
отговорка;увертка
отдаление;расстояние
отдаленный;дальний
отделаться;избавляться
отделить;разделять
отдельно;раздельно,порознь
отдыхать;почивать
отец;папа
отзываться;откликаться
отзывчивость;сочувственность
отказ;отрицание
отказывать;отвергать
отказываться;отрицаться
откапывать;выкапывать
отклик;отзыв
откликаться;отвечать,отзываться
отклонить;отвергнуть
откормленный;отевшийся
откровенный;искренний,прямодушный
открывать;раскрывать
открываться;раскрываться
открыться;раскриться
отличительный;характерный
отмежеваться;ограждаться
отменный;отличный
отместка;месть
отмщать;воздавать
отмыкать;открывать
отнекиваться;отказываться,отрицать
относительный;условный
отожествление;сравнение
отожествлять;сравнивать
оторопелый;испуганый
оторопеть;испугаться
оторопь;боязнь,испуг
отощать;исхудать
отплата;воздаяние
отплачивать;воздавать
отплясывать;плясать
отпрыск;потомок
отрада;радость
отрадный;радостный
отражение;отблеск
отрезок;кусок,отрывок
отрекаться;отказываться
трепье;лохмотье
отрицать;отказываться
отрицаться;отказываться
отрок;малолеток,юноша
отрочество;детство,юность
отрывистый;порывистый
отсвет;отблеск
отсоветовать;отговаривать
отстой;осадок
отстранять;отвращать
отступать;отходить
отступник;изменник
отсутствие;неимение
отсылать;посылать
отталкивать;отвергать
отталкивающий;неприятный
отуманить;одурманить
отучаться;отвыкать
отходить;отступать
отцветать;вянуть
отчаиваться;унывать
отчаяние;уныние
отчетливость;выразительность
отчетливый;выразитеьный
отчизна;родина
отчитывать;выговаривать
отыскать;найти
отыскивать;находить
отягощать;обременять
охапка;связка
охать;вздыхать
охлаждать;холодить
охранять;оберегать,сторожить
оцарапать;расцарапать
оценивать;расценивать
очаг;источник
очаровательность;прелесть
очаровательный;прелестный
очаровать;зачаровать
зачаровывать;очаровывать
очевидец;свидетель
очевидно;явно
очевидный;явный
очерк;набросок
ошарашить;ошеломить
ошибаться;заблуждаться
ошибка;оплошность
ошибочный;ложный
ощущать;чувствовать
ощущение;чувство
падаль;мертвечина
пакостить;вредить
пакостный;вредный
палач;кат
палица;палка
парадный;торжественный
парень;юноша,парнишка
пасмурно;хмурно
пасмурный;хмурный
пахать;трудиться
пахнуть;благоухать
пациент;больной
педагог;учитель
пекарь;булочник
первенство;главенство
первенствовать;главенствовать
перебраниваться;переругаться
переворачивать;перекладывать
перегородка;загородка
передвижение;переход,переезд
передразнивать;насмехаться
передумать;раздумать
переживать;волноваться
переиначивать;переменять
перековеркать;исковеркать
перекусить;покушать
перемена;смена
переменчивый;непостоянный
переменять;переиначивать
перемешивать;размешивать
перепуг;испуг
перепугать;испугать
перепутье;распутье
перерезать;разрезать
перерубать;разрубать
переставать;прекращать
пересуды;сплетни
переулок;проулок
переутомленный;утомленный
перечень;список
перечить;возвражать
персона;особа
песнь;песня
пестрый;разноцветный
петь;напевать
печалить;опечалить
печалиться;грустить,тосковать,унывать
печаль;грусть,тоска
печальный;грустный
пилюли;таблетки
пирушка;вечеринка,гулянка
торжество;пиршество,празднество
бал;банкет,раут
пировать;пиршествовать
питание;кормление
питаться;кормиться,насыщаться
хлебать;лакать
пища;еда
яства;харчи
плакать;вопить,рыдать
хлипать;всхлипывать,хныкать
жаловаться;роптать
платить;выплачивать,уплачивать
плач;рыдание
пленительный;заманчивый
плетка;плеть
плодиться;размножаться
плодовитый;плодородный
плутоватый;хитроватый
плутовать;хитрить
плясать;танцевать
побеждать;одолевать,осиливать,превозмогать
побиение;избиение
поблекнуть;потускнеть
поблизости;вблизи
повадка;привычка
повар;кулинар
повелевать;приказывать
повеление;приказ
повелитель;властитель
повелительный;властный
повенчаться;обвенчаться
повергать;свергать
поверье;суеверие
повествовать;рассказывать
повиноваться;подчиняться
повиновение;подчинение,послушание
повитуха;повивальщица
повод;предлог
повредить;испортить
поврежденный;испорченный
повременить;подождать
повседневный;ежедневный
повстанец;бунтовщик
бунт;мятеж
повсюду;везде
погаснуть;гаснуть
погибать;гибнуть
погибель;гибель
поглядывать;посматривать
поговорка;пословица,присказка
погрешности;грехи
подарок;дар
подбавлять;прибавлять
подбирать;выбирать
подвластный;подчиненный
подвыпивший;опьяневший
подготовлять;приготовлять
поддабриваться;подлизываться
поддельный;фальшивый
поддержка;помощь
поделка;фальшивка
поджигатель;зажигатель
поджигать;зажигать
поджидать;подстерегать,подкарауливать
подкупленный;продажный,подкупной
подлиза;льстец
подлизываться;льстить
подлинный;настоящий
ложный;фальшивый
подлый;бесчестный
подменять;заменять
подмечать;замечать
подневольный;подчиненный
подниматься;всходить,восходить
подобный;сходственный
похожий;схожий
подозревать;заподозревать
подозрение;недоверие,сомнение
подозрительность;недоверчивость
подписываться;расписываться
подправлять;исправлять
подробный;доскональный,исчерпывающий
подрядчик;поставщик
подсматривать;подглядывать
подстерегать;поджидать
подхалимство;лесть
подходить;приближаться
подходящий;надлежащий
подчинение;повиновение
подчиненный;подвластный,подданный
подчинять;покорять
подчиняться;покоряться
подшучивать;насмехаться
подымать;поднимать
пожелание;благопожелание
пожирать;поглащать
позабывать;забывать
позаимствовать;одолжить
позволять;дозволять
поздравление;пожелание
поздравлять;приветствовать
позор;бесславие,стыд
позорить;бесславить,стыдить
поистине;действительно
поймать;словить
застать;застигнуть
настигнуть;нагнать
показание;свидетельство
покаяться;раскаяться
поклажа;ноша
покойник;труп,мертвец
покойный;мертвый
поколотить;побить
покорять;подчинять
покоряться;подчиняться
покровитель;заступник,попечитель
покровительство;заступничество
покровительствовать;благодетельствовать
покупать;приобретать
полагаться;надеяться
ползти;лезть
полинялый;облинялый
половина;полавинка
положительно;позитивно
полоскать;ополаскивать
полоумный;безумный
польза;выгода
помалкивать;молчать
помешательство;безумие
помещаться;вмещаться
помирать;умирать
помирить;мирить
помогать;подсоблять
помощь;поддержка,подмога
помпезный;роскошный
помышлять;подумывать
понимать;разуметь
поноровка;потворство
поноровщик;потворщик
поносить;бесславить
поношенный;изношенный
понуждать;заставлять,принуждать
понурый;печальный,угрюмый
поныне;доныне
понятливый;догадливый
поп;священник
попечитель;покровитель
попечительный;заботливый
попойка;пирушка
попрание;бесславие,обида
попрать;пренебрегать
попрекать;упрекать
попридержать;удерживать
попробовать;пробовать
попроведывать;посещать
попрошайничать;нищенствовать
популяризировать;объяснять,распространять
популярность;репутация,слава
популярный;знаменитый,известный,модный
попускать;благоволить,дозволять,потворствовать
попустительство;потворство
попусту;безуспешно,напрасно
попутать;соблазнять
попутчик;товарищ
попытаться;рисковать
попытка;поползновение,старание,испытание,опыт
порабощать;подчинять
поразительный;удивительный
поразмыслить;подумать
поранить;ранить
порицать;осуждать,порочить
порожняком;впустую
порознь;отдельно
порой;иногда
поросенок;порося
порочный;безнравственный
порошина;порошинка
поручать;доручать
порция;доза
порядочный;добропорядочный,благородный,нравственный
поседелый;седой
посещать;навещать,наведываться
посланник;посланец
после;потом,затем
последний;заключительный
конечный;окончательный
последовательно;методически
последующий;следующий
пословица;поговорка
послушание;повиновение
послушно;покорно
послушный;покорный
исполнительный;исправный
поспешно;спешно
посредственность;бездарность
посредственный;неособенный
постареть;устареть
постель;кровать
постепенно;помаленьку
постоянно;беспрестанно,непрерывно
поступь;походка
посылать;высылать
потеря;утрата
потеха;забава
потешать;забавлять
потешаться;забавляться
потешный;смешной
потный;вспотелый
потомок;отпрыск
потомственный;наследственный
потратить;истратить
потреблять;употреблять
потребность;нужда
потухать;гаснуть
потчевать;угощать
похвала;хвала
похваляться;хвастать
похититель;вор
похищать;воровать,грабить,красть
походка;поступь
почтение;поклонение,преклонение
почти;примерно
почтительно;уважительно
почтить;уважить
почудиться;показаться
пошлый;вульгарный
поэт;стихотворец
пояснение;объяснение
пояснять;объяснять
правдивость;искренность
правдивый;честный
безукоризненный;безупречный
правитель;управляющий
править;управлять,верховодить
привилегия;преимущество,прерогатива
правонарушение;преступление
правосудный;справедливый
праздничный;торжественный
праздновать;торжествовать
праздность;лень
пребывание;присутствие
пребывать;присутствовать
превозмогать;побеждать
превосходный;отличный
превосходство;преимущество,преобладание
преграждать;заграждать
прегрешение;грех
пред;перед
преданный;послушный
предатель;изменник,предвещание
предательский;изменнический
предвестие;предсказание
предвестник;предсказатель,предвещатель
предвещать;предсказывать
предвидеть;предусматреть,предугадать
предводительство;главенство,господство
предзнаменование;предсказание
предместник;предшественник
преднамеренно;умышленно
преднамеченный;предначертанный
предостережение;предупреждение
предположительно;приблизительно
предпочтительно;преимущественно
предпочтительный;преимущественный
поверье;суеверие
предрекать;предсказывать
предсказание;предвещание,предвестье,прорицание,пророчество
предсказатель;предвещатель,прорицатель,предвестник
предсказывать;предвещать,предрекать,прорицать,пророчить,пророчествовать
предумышленно;умышленно
предупреждать;предуведомлять,предостерегать
предупреждение;предостережение
предусмотрительность;осторожность
предусмотрительный;дальновидный
преемник;наместник
прежде;сперва,сначала
заранее;заблаговременно
прежний;былой
презент;подарок
презентовать;дарить
презирать;ненавидеть
презренный;ненависный
преизбыток;избыток
преимущественно;предпочтительно
преимущественный;предпочтительный
преимущество;превосходство
прекрасный;великолепный
прекращать;заканчивать
прелестный;великолепный
прельщать;привлекать
премудрость;мудрость
пренебрегать;брезгать,игнорировать
преобладание;господство,превосходство
преображать;преобразовывать
преобразование;преображение
преподаватель;учитель
препона;препятствие,преграда
загвоздка;закавыка,заковырка
преступление;правонарушение
преступник;законопреступник,злоумышленник
преступный;беззаконный,противозаконный,незаконный
претендент;кандидат
преуведомлять;предупреждать
прибавлять;добавлять
прибежище;убежище
приближаться;подступать
приблизительно;предположительно
приблизительный;примерный
прибыльный;доходный
приватный;частный
приветливый;вежливый
обворожительный;обольстительный,очаровательный
соблазнительный;искусительный
приврать;солгать
привыкать;свыкаться
привычка;повадка
привычный;обыкновенный
приглядываться;присматриваться
приглянуться;понравиться
приговор;вердикт
пригодный;подходящий
приголубить;приласкать
пригорюниваться;опечаливаться
приготовлять;подготовлять
придерживать;удерживать
придирка;прицепка
придумывать;выдумывать
приесться;надоесть
признаваться;сознаваться
признательность;благодарность
признательный;благодарный
призрак;фантом
приказ;указ
приказание;указание
приказывать;указывать,повелевать
прикасаться;дотрагиваться
прикидываться;притворяться
приключаться;случаться
прикрывать;закрывать
прилгать;приврать
приложение;прибавление
приманчивый;заманчивый
пример;образец
примечать;замечать
примешивать;подмешивать
примириться;свыкнуться
примирять;мирить
принаряжаться;наряжаться
заставлять;принуждать
приноравливаться;приспособляться
принуждать;вынуждать,понуждать,заставлять
приобщаться;присоединяться
приотворять;приоткрывать
припасать;запасать
природный;естественный
присказка;поговорка
прискорбие;печаль
прискорбный;печальный
прискучить;надоедать
прислуга;слуга
присоединяться;приобщаться
присочинить;придумать
приспособляться;приноравливаться,пристраиваться
пристойный;приличный
пристраивать;приспособлять
присутствие;пребывание
присяга;клятва
присягать;клясться
притворство;лицемерие
притворствовать;притворяться
притворяться;прикидываться
притеснитель;гонитель
притискивать;тискать
приумолкнуть;замолчать
приунылый;печальный
приутихнуть;затихнуть
приходить;прибывать
прицеливаться;целиться
прицепка;придирка
прицепляться;придираться
причастный;сопричастный
причудливый;необыкновенный
причудничать;своенравничать
приятель;друг
приятельский;дружественный
проблематичный;проблематический
проболтаться;проговориться
провидение;озорение
провидец;предсказатель
провожать;сопровождать
проворный;ловкий
проворонить;прозевать
проговориться;проболтаться,обмолвиться
прогонять;изгонять
прогуливаться;гулять
продажный;подкупной
проделка;шалость
продолжаться;длиться
проездом;мимоходом
прожора;обжора
прожорливый;обжорливый
прозорливый;дальновидный
прозывать;называть
произведение;творение
проказа;шалость
проказник;шалун
проказничать;шалить
проклинать;клясть
прокормление;пропитание
прокрадываться;пробираться
промедление;замедление
промеж;между
промежуток;интервал
променять;обменять
промерзать;замерзать
пропадать;исчезать
пропащий;безнадежный
пропойца;алкоголик
прорицать;предсказывать
пророчество;предсказание
прорываться;проталкиваться
просаживать;промотать
просвещенный;образованный
прославленный;знаменитый
простак;простачок
простец;простолюдин
простительный;извинительный
простодушный;наивный,бесхитростный
противиться;сопротивляться
противник;соперник
противный;неприятный
противоестественный;неестественный
противозаконный;преступный
проучить;наказать
профессор;ученый
прохаживаться;прогуливаться
процеживать;цедить
прощение;помилование
прыгать;скакать
прямодушный;откровенный
пугало;пугалище
пугливость;трусость
пугливый;боязливый,трусливый
пугнуть;испугать
пузо;брюхо
пустой;порожний,пустопорожний
пустомеля;болтун,пустослов
пустословить;болтать
безлюдный;необитаемый
путешественник;странник
путешествие;странствие
путешествовать;странствовать
путы;оковы
путь;маршрут
пух;пушок
пучина;бездна
пыжиться;важничать
пыл;азарт
пылать;гореть
пылинка;пыль
пылкий;горячий
пылкость;горячность
пылинка;порошинка
пышность;роскошь
пьяница;алкоголик,пьянчуга
пьянствовать;кутить
пьяный;выпивший,подвыпивший,подпивший
захмелевший;опьяневший,запьяневший
пятно;пятнышко
работать;трудиться
работник;труженик
работоспособность;трудоспособность
работоспособный;трудоспособный
работяга;трудяга
работящий;трудящий
рабский;невольнический,невольничий,подневольный
подвластность;подчиненность
рабыня;раба
равнодушие;хладнокровие
равнодушный;бесстрастный,хладнокровный
равнолетки;ровесники,однолетки
равный;одинаковый
радоваться;довольствоваться
радостный;веселый
радость;веселье
радушный;гостеприимный
однажды;единожды
разбой;грабеж
разбойник;грабитель,злодей
разбойничать;грабить
разборчивый;рассудительный
разбрасывать;раскидывать
разве;неужели
разведчик;шпион
развертываться;раскручиваться
развлекать;веселить,забавлять
развлекаться;веселиться
развлечение;веселье
развратник;распутник
развратный;безнравственный
разгар;апогей
разгильдяй;бездельник
разглагольствовать;рассуждать
разглядеть;рассмотреть
разглядывать;осматривать,рассматривать
разгневаться;рассердиться
разговаривать;беседовать,собеседовать
разговор;беседа
разговорчивый;говорливый
разгораться;разжигаться
разгорячиться;рассердиться
разграничение;разделение
разгром;погром
раздаваться;расступаться
раздел;деление
раздельно;отдельно
разделять;делить
раздосадованный;гневный,сердитый
раздражать;сердить
раздражаться;горячиться,сердиться
раздражение;сердитость
раздраженный;гневный,сердитый
раздумать;передумать
раздумье;задумие
разжалобить;умилостивить
различать;распознавать
различный;разный
размен;обмен
размешивать;перемешивать
размолвка;ссора
размышлять;раздумывать
разница;разность
разногласие;несогласие,разномыслие
разносолы;соления
разный;различный
разнообразный;разнородный
разозлить;рассердить
разозлиться;рассердиться
разориться;обанкротиться
разубеждать;отговаривать,разуверять
разубранный;разодетый
разукрашенный;прикрашеный
разум;ум
разумный;мудрый
разъединять;разделять
разъяренный;гневный
разъяснение;объяснение
разъяснять;объяснять
разыскать;отискать
раненько;ранехонько
раньше;прежде
раскаиваться;каяться
раскаяние;сожаление
раскошелиться;расщедриться
раскрасавица;красавица
раскупаться;покупаться,продаваться
распахнуть;раскрыть
расписываться;подписываться
распоряжаться;приказывать
расправа;месть
распрекрасный;прекрасный
распря;ссора
распутник;развратник
распутный;развратный
распущенность;безнравственность
рассвирепеть;рассердиться
рассердиться;разгневаться,осерчать
рассерженный;гневный
рассматривать;осматривать
рассмотреть;осмотреть
растеривать;терять
растеряться;смутиться
растолковывать;объяснять
растолстеть;потолстеть
расторопный;бойкий
растрачивать;тратить,расходовать
расхваливать;хвалить
расхвораться;заболеть
расщедриться;раскошелиться
рациональный;разумный
рвение;усердие
ребячество;безрассудство
ребячиться;забавляться
регламент;распорядок
редкостный;диковинный
редкость;диковина
резерв;запас
рекомендовать;советовать
ремесленник;мастеровой
рехнувшийся;сумасшедший
решиться;осмелиться,рискнуть
ринуться;устремиться
рискованно;опасно
рискованный;опасный
рисковать;осмелиться,отважиться
рисовать;живописать
робеть;трусить
робкий;боязливый,пугливый,трусливый
робость;нерешительность,застенчивость
ровесник;сверстник
родимый;родной,родственный
родина;отчизна
рожать;рождать
розга;лоза
розниться;различаться
роковой;фатальный
рокот;шум
роптать;жаловаться
ропщущий;недовольный
роскошный;великолепный
роскошь;великолепие
ругать;бранить
ругаться;браниться
руководить;управлять
рукоплескания;аплодисменты
рукоплескать;аплодировать
рукоятка;рукоять
ручательство;поручительство
ручаться;поручаться
рыдать;плакать
рынок;базар
рядом;около
сажаться;садиться
самовластие;самовольство,самоволие
самовольничать;самовольствовать
самовольство;самоволие
самовольствовать;самовольничать
самодельный;рукодельный
самохвал;хвастун
самохвальство;хвастовство
сатанинский;адский
сбавлять;убавлять
сбежать;убежать
сберегать;сохранять
сбрасывать;скидывать
сварливый;бранчливый
сведущий;опытный
свергать;низвергать,повергать
сверкать;блистать
сверстник;ровесник
сверять;сравнивать
светить;освещать
светлица;комната
светлый;ясный
свидетель;очевидец
свирепствовать;буйствовать
свирепый;безжалостный,жестокий
свобода;воля
свободно;вольно
свободный;вольный
свободомыслящий;вольнодумец
своевольничать;самовольствовать,своенравничать
своевольство;самовольство
своекорыстный;корыстолюбивый
своеобразный;необыкновенный
свыкаться;привыкать
связка;вязка
святитель;священник
святой;священный
святотатец;богохульник
святотатство;богохульство
пастырь;пресвитер
священнодействие;богослужение
сгинуть;погибнуть
сглаживать;выравнивать
сглупа;сдуру,необдуманно
сглупить;ошибиться
сдерживать;удерживать
сдерживаться;удерживаться
сегодня;ныне
сегодняшний;нынешний
сейчас;теперь
безотлагательно;немедленно
семя;зерно
сердитый;недовольный
сердить;гневить,озлоблять
сердиться;гневаться,злобиться
сетовать;жаловаться
сжалиться;смилостивиться,умилостивиться,умилосердиться
сила;мощь
силач;богатырь
силиться;напрягаться
симпатизировать;нравиться
симулировать;притворяться
сияние;блистание
сиять;блистать
сказка;басня
скакать;прыгать
скарб;клад
скверный;гадкий
скипетр;посох
скиталец;бродяга
скитаться;бродяжничать
скоморох;шут
скончаться;умереть
скорбеть;печалиться,тосковать
скорбный;печальный
скорбь;горе,печаль,сожаление
скоро;быстро
скорый;быстрый
скрадывать;скрывать
скрашивать;украшать
скромность;застенчивость
скромный;стыдливый,застенчивый
скрывать;укрывать
замалчивать;умалчивать,недосказывать
скрытый;тайный
скрыться;исчезнуть
скряга;скупец,скупердяй
скудость;бедность
скука;хандра
скупиться;скряжничать
скупой;жадный
скучать;тосковать
слабеть;ослабевать
слабодушный;бесхарактерный
слабосилие;бессилие
слабосильный;бессильный
слабость;бессилие,малосилие
изнеможение;изнурение
славить;восхвалять
славиться;прославиться
славный;замечательный
сладкий;сладостный
сластена;сладкоежка,сластоежка
следующий;последующий
слепой;незрячий
слишком;чересчур
словно;будто
сложный;трудный
затейливый;замысловатый
слоняться;бродить,шататься
случайно;нечаянно,ненамеренно,неумышленно,невзначай
случаться;приключаться,происходить
вслушиваться;прислушиваться
слушаться;подчиняться
смазливый;симпатичный
смак;вкус
смаковать;вкушать
сманивать;заманивать
смачный;вкусный
смекалка;догадливость
смекать;догадываться
смелость;отвага,мужество
смелый;отважный,неустрашимый
смельчак;храбрец
смердеть;вонять
кончина;гибель
смерч;ураган
сметывать;сшивать
смех;хохот
смешивать;перемешивать
смешить;веселить
смешной;забавный
смеяться;хохотать
смилостивиться;сжалиться
смирный;кроткий,спокойный
смолкать;замолкать
смолчать;промолчать
смотреть;глядеть
зреть;взирать
рассматривать;разглядывать
смотритель;сторож
смутный;неясный
смущаться;робеть
смыслить;понимать
смышленый;догадливый
снова;вновь
снотворный;усыпительный
дворняжка;шавка
собеседовать;беседовать,разговаривать
искушение;обольщение
соблазнитель;искуситель,совратитель,обольститель
соблазнительный;искусительный
соблазнять;искушать,обольщать
собор;храм
собственник;владелец
совершенный;абсолютный
советник;советчик
советовать;рекомендовать
советоваться;совещаться
советчик;советник
совещаться;советоваться
совместно;вместе
совместный;общий
совратитель;соблазнитель
совращать;соблазнять
единогласие;единомыслие
согласно;сообразно
cогрешение;пригрешение
согрешительный;пригрешительный
содействовать;помогать
суть;сущность
соединять;объединять
сожаление;раскаяние
скорбь;печаль
создавать;творить
создание;творение
создатель;творец
созерцать;рассматривать
сознавать;осознавать
сознаваться;признаваться
соизволить;изволить
сокращать;уменьшать
сокращенный;краткий
сокрушаться;жаловаться
сокрушение;сожаление
солгать;соврать
сомнение;неуверенность
сомнительный;ненадежный
соображение;суждение
сообразительность;догадливость
сообразительный;догадливый
сообразно;соответственно
сообщать;извещать
сообщение;известие,извещение
соответствующий;соответственный,подходящий
соответствовать;подходить
соперник;конкурент
соперничать;конкурировать
соперничество;конкуренция
соплеменник;единоплеменник
сопоставление;сравнение
сопоставлять;сравнивать
сопротивление;противодействие
сопротивляться;противиться
соразмерность;соответствие
соратник;товарищ
сосредоточенный;внимательный
составитель;автор
составлять;сочинять
состоятельный;зажиточный
сострадать;сочувствовать
состязание;соперничество
состязаться;соперничать
сотрудник;коллега
соучастный;причастный
сохранять;беречь,хранить
сочиненный;вымышленный
вымышлять;придумывать,выдумывать
сочувствовать;сострадать
спать;дремать,почивать
специализация;квалификация
специалист;профессионал
специально;умышленно
специальность;квалификация
специи;приправы
специя;приправа
спешить;торопиться
спешный;срочный
список;перечень
сплетник;наговорщик
сплетничать;судачить
сплетня;пересуды
сплошной;непрерывный
спокойный;безмятежный,смирный
дебатировать;диспутировать
способ;прием
справедливый;правосудный
спускаться;опускаться
сравнение;сопоставление
сравнивать;сопоставлять
сразу;враз
мгновенно;моментально
срам;стыд
срамить;бесславить,стыдить
срочно;безотлагательно
ссадина;рана
ссора;свара,размолвка,распря
ссориться;браниться
старание;усердие
старательный;усердный
стараться;усердствовать
стареть;ветшать
старец;старик
старуха;старушенция
старшинство;главенство
старый;ветхий
статный;стройный
степень;ступень
стеречь;сторожить,охранять
стесняться;стыдиться
стихать;утихать
стихотворец;поэт
стоимость;цена
сторона;грань
сторонник;любитель
страдалец;мученик
страдание;мучение
страдать;мучиться
страж;сторож,стражник
странник;путешественник
странствие;путешествие
странствовать;путешествовать
страшилище;чудовище
страшить;пугать
страшиться;бояться,пугаться
страшливый;боязливый,пугливый,трусливый
страшно;боязно
страшный;ужасный
стремиться;устремляться
строгий;взыскательный,требовательный
стрястись;случаться
студеный;холодный
студить;холодить
стыд;позор,срам
стыдить;пристыжать,срамить
стыдиться;стесняться
стыдливость;стеснительность
стыдливый;застенчивый
сударь;господин
судачить;сплетничать
судьба;доля
суеверие;предрассудок,поверие
суета;суетность
суетиться;хлопотать
суетливый;беспокойный
соображение;уразумение
сумасбродный;безрассудный
сумасбродство;безрассудство
сумасшедший;безумный,помешанный,рехнувшийся,умалишенный,душевнобольной
сумасшествие;безумие
суматоха;суета
сумма;совокупность
супротивный;противоположный
супруга;жена
супружеский;брачный
супружество;семейство
суровый;грозный
суть;сущность
существо;создание
схватить;поймать
исчислять;счислять,вычислять
сызмала;сызмальства
сыскать;найти
сыскивать;находить
табор;лагерь
таинственный;тайный
таить;скрывать
тайком;тайно
тайный;скрытый,сокровенный
таинственный;загадочный,мистический
тактичный;вежливый
талантливый;одаренный
талисман;амулет
танцмейстер;хореограф
танцовщик;танцор
тащить;волочить,тянуть
твердить;утверждать
творить;создавать
темень;темнота
темница;тюрьма
темный;мрачный
темперамент;характер
теперешний;нынешний
теперь;нынче
терзаться;мучиться
терпеливый;долготерпеливый,многотерпеливый
терять;утрачивать
теснить;притеснять,утеснять
тесный;узкий
тешить;забавлять,радовать
тиран;мучитель
тиранить;мучить
тирания;насилие
тихо;тихонько,бесшумно
тишина;тишь
тленный;тщетный
товарищ;друг
толкование;объяснение
толковать;объяснять
толкотня;давка,толчея
толстеть;жиреть,плотнеть
толстуха;толстушка
томиться;мучиться
томный;бессильный
тонуть;утопать
торгаш;торговец
торгашеский;торговый
торговец;торгаш,лавочник,купец
торговый;торгашеский
торжественный;праздничный
торжествовать;праздновать
торопить;подгонять
торопиться;спешить
тоска;печаль
тоскливый;печальный
тосковать;скучать,грустить,печалиться
тотчас;безотлагательно,немедленно
тошнить;нудить
тощий;худой
трава;травка
транжирить;тратить
трапезничать;кушать
тратить;расходовать
потреблять;употреблять
требовательный;взыскательный
тревога;беспокойство,волнение
тревожиться;волноваться,беспокоиться
тревожный;беспокойный
трепетный;робкий
трещотка;болтушка
трогать;касаться
дотрагиваться;прикасаться
тропа;стезя
тропинка;дорожка
трость;палка
трудиться;работать
труженик;работник
труп;мертвец,покойник
трус;боягуз
трусить;бояться
трусливый;боязливый,пугливый
трусость;боязливость,робость
тряпье;лохмотье
тужить;тосковать
туманный;неясный
тунеядец;бездельник
турист;путешественник
тухнуть;гаснуть
тучнеть;толстеть
тушить;гасить
тщетно;безуспешно,напрасно
тягостный;трудный
тяготеть;стремиться
тяжкий;тяжелый,тягостный
тянуть;тащить
убавлять;уменьшать
убаюкивать;присыплять
убегать;удирать
убеждать;доказывать
убеждаться;уверяться
убийца;душегуб
убогий;бедный
убыток;ущерб
убыточный;бесприбыльный
уважаемый;почитаемый
уважать;почитать
уважение;почтение
уважительно;почтительно
увертка;отговорка
увертываться;вывертываться
увеселять;веселить,забавлять
увлекательный;интересный
увлекать;привлекать
увядать;вянуть
угадывать;разгадывать
уговаривать;убеждать
угомонить;успокоить
угомониться;успокоиться
угощать;потчевать
угрожать;грозить
грозиться;пригрозить
угрюмый;насупленный
удалять;устранять
удачливый;успешный
удачный;успешный
удивительный;дивный,изумительный
удивлять;дивить
огорошить;ошарашить
ошеломить;изумить
ошеломлять;изумлять
удивляться;дивиться
изумляться;недоумевать
уютный;комфортный
удобство;комфорт
удовлетворяться;довольствоваться
удостоверение;свидетельство
ужасать;страшить
ужаснуться;испугаться
ужасный;страшный
узкий;тесный
узник;арестант
укорять;упрекать
украшать;скрашивать
укреплять;усиливать
укрощать;усмирять
укутываться;кутаться
уловка;ухватка
улыбаться;усмехаться
улыбка;усмешка
ум;разум
умаливать;вымаливать
умалишенный;безумный,сумасшедший
умалчивать;замалчивать
уменьшать;убавлять
уменьшаться;убавляться
уменьшение;убавление
умерший;мертвый
умерщвлять;убивать
умилосердить;умилостивить
умирать;помирать
умный;разумный
умолить;умилостивлять
умолкнуть;замолчать
умолять;упрашивать
умысел;замысел
умышленно;намеренно
умышлять;замышлять
уничтожать;истреблять
унылый;печальный
упадок;вырождение
упиваться;напиваться
упитанный;откормленный
уплатить;оплатить
уповать;надеяться
упомнить;вспомнить
управлять;править
упрашивать;уговаривать
упрекать;попрекать,корить,укорять
упрямиться;упрямствовать
уродовать;изувечивать
усаживаться;присаживаться
усердие;старание
усердный;старательный
услужливый;угодливый
мнение;суждение
уснуть;заснуть
успех;удача
успешный;удачный
успокоиться;угомониться
уста;губы
устареть;обветшать
постареть;состариться
устрашить;напугать
усыпительный;снотворный
утеснять;притеснять
утеха;потеха
утешать;успокаивать
утешение;успокоение
утешительный;успокоительный
утихнуть;притихнуть
утрата;потеря
утрачивать;лишаться
ухитряться;умудряться
участник;соучастник
ученица;воспитанница
ученик;воспитанник
ущерб;убыток
фаворит;любимец
фальшь;ложь
фантазировать;выдумывать
фантазия;воображение
фантастический;вымышленный
фантом;призрак
финал;конец
фокус;трюк
фрукт;плод
фундаментальный;основательный
халатно;небрежно
хандра;мелланхолия
хаос;беспорядок
нрав;норов
характеризовать;описывать
характерный;отличительный
хвала;похвала
хвалить;восхвалять,выхвалять,расхваливать
хвалиться;хвастать
хвастать;хвалиться,похваляться,выхваляться
хвастовство;самохвальство
хвастун;самохвал
хвататься;ухватывать
хворать;болеть
хворый;больной
хворь;болезнь
хитрец;лукавец
хитроумный;хитрый
хитрый;хитроумный,коварный,лукавый
хихикать;посмеиваться
хладнокровие;равнодушие
хладнокровный;равнодушный
хлопотать;заботиться
хлопотливый;заботливый
хлопоты;заботы
хмурно;пасмурно
хмурный;пасмурный
хныканье;плач
хныкать;плакать
хозяин;владелец,обладатель
холеный;ухоженый
холить;нежить
холод;мороз
холодеть;мерзнуть
холодить;студить
охлаждать;остужать
хотеть;желать
хохот;смех
храбрец;смельчак
храбрость;отвага
храбрый;отважный,мужественный
хранить;беречь
художник;живописец
худощавый;тощий
хулить;бранить,порицать
царь;король
целебный;лечебный,целительный,врачебный,лекарственный
целиться;метить
целомудренный;непорочный
цельный;целостный
цена;стоимость
ценить;оценивать
ценный;дорогой
церемониальный;обрядный
церемония;обряд
цинический;циничный
чародей;волшебник
частный;приватный
часто;нередко
часть;доля
чахлый;хилый
чваниться;важничать
человеколюбивый;человечный
чепуха;нелепость
сменяться;заменяться
чересчур;слишком
чернец;монах
чернокнижник;колдун
честность;правдивость
честный;правдивый
чистить;вычищать
читатель;чтец
чрево;брюхо
чтить;почитать
чувство;ощущение
чувствовать;ощущать
чувствоваться;ощущаться
чудесный;удивительный
чудиться;казаться
чудище;чудовище
чудный;дивный
чужестранец;иностранец
чужестранный;иностранный
чуточка;малость
чучело;пугало
чушь;вздор
шайка;стая
шалить;баловаться
шалун;баловник,проказник
шарлатан;плут
шелохнуться;шевельнуться
шеф;бос
шикарный;роскошный
шкура;кожа
шпион;разведчик
штудировать;зазубривать
шум;гул
шустрый;бойкий
шут;клоун
шутливый;юморной
шутник;юморист
шушукаться;шептаться
щадить;миловать
щепетильный;аккуратный
самолюбие;себялюбие
эксперт;знаток
элегантный;роскошный
эскиз;набросок
юмористический;шутливый
юнец;юноша,отрок
ютиться;поселяться
ябедник;доносчик
явиться;появиться
якобы;будто
яркий;ясный
ярый;бешеный
ясность;четкость
ясный;светлый
ларец;ларь